"year","nbdsf","nddsf","vbdsf","vddsf","prate","dlwrf","pres","hgt","ugrd","vgrd","sh","tmp"
"1900",47.219712235968,31.0030261828169,35.6218881780109,33.5866116980516,1.70181393200289e-05,273.228287671233,99189.4416416952,50,0.842606594725831,-0.48693785484523,0.00397775555942594,272.766966920618
"1901",47.219712235968,31.0030261828169,35.6218881780109,33.5866116980516,1.70181393200289e-05,273.228287671233,99189.4416416952,50,0.842606594725831,-0.48693785484523,0.00397775555942594,272.766966920618
"1902",47.219712235968,31.0030261828169,35.6218881780109,33.5866116980516,1.70181393200289e-05,273.228287671233,99189.4416416952,50,0.842606594725831,-0.48693785484523,0.00397775555942594,272.766966920618
"1903",47.219712235968,31.0030261828169,35.6218881780109,33.5866116980516,1.70181393200289e-05,273.228287671233,99189.4416416952,50,0.842606594725831,-0.48693785484523,0.00397775555942594,272.766966920618
"1904",47.219712235968,31.0030261828169,35.6218881780109,33.5866116980516,1.70181393200289e-05,273.228287671233,99189.4416416952,50,0.842606594725831,-0.48693785484523,0.00397775555942594,272.766966920618
"1905",47.219712235968,31.0030261828169,35.6218881780109,33.5866116980516,1.70181393200289e-05,273.228287671233,99189.4416416952,50,0.842606594725831,-0.48693785484523,0.00397775555942594,272.766966920618
"1906",47.219712235968,31.0030261828169,35.6218881780109,33.5866116980516,1.70181393200289e-05,273.228287671233,99189.4416416952,50,0.842606594725831,-0.48693785484523,0.00397775555942594,272.766966920618
"1907",47.219712235968,31.0030261828169,35.6218881780109,33.5866116980516,1.70181393200289e-05,273.228287671233,99189.4416416952,50,0.842606594725831,-0.48693785484523,0.00397775555942594,272.766966920618
"1908",47.219712235968,31.0030261828169,35.6218881780109,33.5866116980516,1.70181393200289e-05,273.228287671233,99189.4416416952,50,0.842606594725831,-0.48693785484523,0.00397775555942594,272.766966920618
"1909",47.219712235968,31.0030261828169,35.6218881780109,33.5866116980516,1.70181393200289e-05,273.228287671233,99189.4416416952,50,0.842606594725831,-0.48693785484523,0.00397775555942594,272.766966920618
"1910",47.219712235968,31.0030261828169,35.6218881780109,33.5866116980516,1.70181393200289e-05,273.228287671233,99189.4416416952,50,0.842606594725831,-0.48693785484523,0.00397775555942594,272.766966920618
"1911",47.219712235968,31.0030261828169,35.6218881780109,33.5866116980516,1.70181393200289e-05,273.228287671233,99189.4416416952,50,0.842606594725831,-0.48693785484523,0.00397775555942594,272.766966920618
"1912",47.219712235968,31.0030261828169,35.6218881780109,33.5866116980516,1.70181393200289e-05,273.228287671233,99189.4416416952,50,0.842606594725831,-0.48693785484523,0.00397775555942594,272.766966920618
"1913",47.219712235968,31.0030261828169,35.6218881780109,33.5866116980516,1.70181393200289e-05,273.228287671233,99189.4416416952,50,0.842606594725831,-0.48693785484523,0.00397775555942594,272.766966920618
"1914",47.219712235968,31.0030261828169,35.6218881780109,33.5866116980516,1.70181393200289e-05,273.228287671233,99189.4416416952,50,0.842606594725831,-0.48693785484523,0.00397775555942594,272.766966920618
"1915",47.219712235968,31.0030261828169,35.6218881780109,33.5866116980516,1.70181393200289e-05,273.228287671233,99189.4416416952,50,0.842606594725831,-0.48693785484523,0.00397775555942594,272.766966920618
"1916",47.219712235968,31.0030261828169,35.6218881780109,33.5866116980516,1.70181393200289e-05,273.228287671233,99189.4416416952,50,0.842606594725831,-0.48693785484523,0.00397775555942594,272.766966920618
"1917",47.219712235968,31.0030261828169,35.6218881780109,33.5866116980516,1.70181393200289e-05,273.228287671233,99189.4416416952,50,0.842606594725831,-0.48693785484523,0.00397775555942594,272.766966920618
"1918",47.219712235968,31.0030261828169,35.6218881780109,33.5866116980516,1.70181393200289e-05,273.228287671233,99189.4416416952,50,0.842606594725831,-0.48693785484523,0.00397775555942594,272.766966920618
"1919",47.219712235968,31.0030261828169,35.6218881780109,33.5866116980516,1.70181393200289e-05,273.228287671233,99189.4416416952,50,0.842606594725831,-0.48693785484523,0.00397775555942594,272.766966920618
"1920",47.219712235968,31.0030261828169,35.6218881780109,33.5866116980516,1.70181393200289e-05,273.228287671233,99189.4416416952,50,0.842606594725831,-0.48693785484523,0.00397775555942594,272.766966920618
"1921",47.219712235968,31.0030261828169,35.6218881780109,33.5866116980516,1.70181393200289e-05,273.228287671233,99189.4416416952,50,0.842606594725831,-0.48693785484523,0.00397775555942594,272.766966920618
"1922",47.219712235968,31.0030261828169,35.6218881780109,33.5866116980516,1.70181393200289e-05,273.228287671233,99189.4416416952,50,0.842606594725831,-0.48693785484523,0.00397775555942594,272.766966920618
"1923",47.219712235968,31.0030261828169,35.6218881780109,33.5866116980516,1.70181393200289e-05,273.228287671233,99189.4416416952,50,0.842606594725831,-0.48693785484523,0.00397775555942594,272.766966920618
"1924",47.219712235968,31.0030261828169,35.6218881780109,33.5866116980516,1.70181393200289e-05,273.228287671233,99189.4416416952,50,0.842606594725831,-0.48693785484523,0.00397775555942594,272.766966920618
"1925",47.219712235968,31.0030261828169,35.6218881780109,33.5866116980516,1.70181393200289e-05,273.228287671233,99189.4416416952,50,0.842606594725831,-0.48693785484523,0.00397775555942594,272.766966920618
"1926",47.219712235968,31.0030261828169,35.6218881780109,33.5866116980516,1.70181393200289e-05,273.228287671233,99189.4416416952,50,0.842606594725831,-0.48693785484523,0.00397775555942594,272.766966920618
"1927",47.219712235968,31.0030261828169,35.6218881780109,33.5866116980516,1.70181393200289e-05,273.228287671233,99189.4416416952,50,0.842606594725831,-0.48693785484523,0.00397775555942594,272.766966920618
"1928",47.219712235968,31.0030261828169,35.6218881780109,33.5866116980516,1.70181393200289e-05,273.228287671233,99189.4416416952,50,0.842606594725831,-0.48693785484523,0.00397775555942594,272.766966920618
"1929",47.219712235968,31.0030261828169,35.6218881780109,33.5866116980516,1.70181393200289e-05,273.228287671233,99189.4416416952,50,0.842606594725831,-0.48693785484523,0.00397775555942594,272.766966920618
"1930",47.219712235968,31.0030261828169,35.6218881780109,33.5866116980516,1.70181393200289e-05,273.228287671233,99189.4416416952,50,0.842606594725831,-0.48693785484523,0.00397775555942594,272.766966920618
"1931",47.219712235968,31.0030261828169,35.6218881780109,33.5866116980516,1.70181393200289e-05,273.228287671233,99189.4416416952,50,0.842606594725831,-0.48693785484523,0.00397775555942594,272.766966920618
"1932",47.219712235968,31.0030261828169,35.6218881780109,33.5866116980516,1.70181393200289e-05,273.228287671233,99189.4416416952,50,0.842606594725831,-0.48693785484523,0.00397775555942594,272.766966920618
"1933",47.219712235968,31.0030261828169,35.6218881780109,33.5866116980516,1.70181393200289e-05,273.228287671233,99189.4416416952,50,0.842606594725831,-0.48693785484523,0.00397775555942594,272.766966920618
"1934",47.219712235968,31.0030261828169,35.6218881780109,33.5866116980516,1.70181393200289e-05,273.228287671233,99189.4416416952,50,0.842606594725831,-0.48693785484523,0.00397775555942594,272.766966920618
"1935",47.219712235968,31.0030261828169,35.6218881780109,33.5866116980516,1.70181393200289e-05,273.228287671233,99189.4416416952,50,0.842606594725831,-0.48693785484523,0.00397775555942594,272.766966920618
"1936",47.219712235968,31.0030261828169,35.6218881780109,33.5866116980516,1.70181393200289e-05,273.228287671233,99189.4416416952,50,0.842606594725831,-0.48693785484523,0.00397775555942594,272.766966920618
"1937",47.219712235968,31.0030261828169,35.6218881780109,33.5866116980516,1.70181393200289e-05,273.228287671233,99189.4416416952,50,0.842606594725831,-0.48693785484523,0.00397775555942594,272.766966920618
"1938",47.219712235968,31.0030261828169,35.6218881780109,33.5866116980516,1.70181393200289e-05,273.228287671233,99189.4416416952,50,0.842606594725831,-0.48693785484523,0.00397775555942594,272.766966920618
"1939",47.219712235968,31.0030261828169,35.6218881780109,33.5866116980516,1.70181393200289e-05,273.228287671233,99189.4416416952,50,0.842606594725831,-0.48693785484523,0.00397775555942594,272.766966920618
"1940",47.219712235968,31.0030261828169,35.6218881780109,33.5866116980516,1.70181393200289e-05,273.228287671233,99189.4416416952,50,0.842606594725831,-0.48693785484523,0.00397775555942594,272.766966920618
"1941",47.219712235968,31.0030261828169,35.6218881780109,33.5866116980516,1.70181393200289e-05,273.228287671233,99189.4416416952,50,0.842606594725831,-0.48693785484523,0.00397775555942594,272.766966920618
"1942",47.219712235968,31.0030261828169,35.6218881780109,33.5866116980516,1.70181393200289e-05,273.228287671233,99189.4416416952,50,0.842606594725831,-0.48693785484523,0.00397775555942594,272.766966920618
"1943",47.219712235968,31.0030261828169,35.6218881780109,33.5866116980516,1.70181393200289e-05,273.228287671233,99189.4416416952,50,0.842606594725831,-0.48693785484523,0.00397775555942594,272.766966920618
"1944",47.219712235968,31.0030261828169,35.6218881780109,33.5866116980516,1.70181393200289e-05,273.228287671233,99189.4416416952,50,0.842606594725831,-0.48693785484523,0.00397775555942594,272.766966920618
"1945",47.219712235968,31.0030261828169,35.6218881780109,33.5866116980516,1.70181393200289e-05,273.228287671233,99189.4416416952,50,0.842606594725831,-0.48693785484523,0.00397775555942594,272.766966920618
"1946",47.219712235968,31.0030261828169,35.6218881780109,33.5866116980516,1.70181393200289e-05,273.228287671233,99189.4416416952,50,0.842606594725831,-0.48693785484523,0.00397775555942594,272.766966920618
"1947",47.219712235968,31.0030261828169,35.6218881780109,33.5866116980516,1.70181393200289e-05,273.228287671233,99189.4416416952,50,0.842606594725831,-0.48693785484523,0.00397775555942594,272.766966920618
"1948",47.219712235968,31.0030261828169,35.6218881780109,33.5866116980516,1.70181393200289e-05,273.228287671233,99189.4416416952,50,0.842606594725831,-0.48693785484523,0.00397775555942594,272.766966920618
"1949",47.219712235968,31.0030261828169,35.6218881780109,33.5866116980516,1.70181393200289e-05,273.228287671233,99189.4416416952,50,0.842606594725831,-0.48693785484523,0.00397775555942594,272.766966920618
"1950",47.219712235968,31.0030261828169,35.6218881780109,33.5866116980516,1.70181393200289e-05,273.228287671233,99189.4416416952,50,0.842606594725831,-0.48693785484523,0.00397775555942594,272.766966920618
"1951",47.219712235968,31.0030261828169,35.6218881780109,33.5866116980516,1.70181393200289e-05,273.228287671233,99189.4416416952,50,0.842606594725831,-0.48693785484523,0.00397775555942594,272.766966920618
"1952",47.219712235968,31.0030261828169,35.6218881780109,33.5866116980516,1.70181393200289e-05,273.228287671233,99189.4416416952,50,0.842606594725831,-0.48693785484523,0.00397775555942594,272.766966920618
"1953",47.219712235968,31.0030261828169,35.6218881780109,33.5866116980516,1.70181393200289e-05,273.228287671233,99189.4416416952,50,0.842606594725831,-0.48693785484523,0.00397775555942594,272.766966920618
"1954",47.219712235968,31.0030261828169,35.6218881780109,33.5866116980516,1.70181393200289e-05,273.228287671233,99189.4416416952,50,0.842606594725831,-0.48693785484523,0.00397775555942594,272.766966920618
"1955",47.219712235968,31.0030261828169,35.6218881780109,33.5866116980516,1.70181393200289e-05,273.228287671233,99189.4416416952,50,0.842606594725831,-0.48693785484523,0.00397775555942594,272.766966920618
"1956",47.219712235968,31.0030261828169,35.6218881780109,33.5866116980516,1.70181393200289e-05,273.228287671233,99189.4416416952,50,0.842606594725831,-0.48693785484523,0.00397775555942594,272.766966920618
"1957",47.219712235968,31.0030261828169,35.6218881780109,33.5866116980516,1.70181393200289e-05,273.228287671233,99189.4416416952,50,0.842606594725831,-0.48693785484523,0.00397775555942594,272.766966920618
"1958",47.219712235968,31.0030261828169,35.6218881780109,33.5866116980516,1.70181393200289e-05,273.228287671233,99189.4416416952,50,0.842606594725831,-0.48693785484523,0.00397775555942594,272.766966920618
"1959",47.219712235968,31.0030261828169,35.6218881780109,33.5866116980516,1.70181393200289e-05,273.228287671233,99189.4416416952,50,0.842606594725831,-0.48693785484523,0.00397775555942594,272.766966920618
"1960",47.219712235968,31.0030261828169,35.6218881780109,33.5866116980516,1.70181393200289e-05,273.228287671233,99189.4416416952,50,0.842606594725831,-0.48693785484523,0.00397775555942594,272.766966920618
"1961",47.219712235968,31.0030261828169,35.6218881780109,33.5866116980516,1.70181393200289e-05,273.228287671233,99189.4416416952,50,0.842606594725831,-0.48693785484523,0.00397775555942594,272.766966920618
"1962",47.219712235968,31.0030261828169,35.6218881780109,33.5866116980516,1.70181393200289e-05,273.228287671233,99189.4416416952,50,0.842606594725831,-0.48693785484523,0.00397775555942594,272.766966920618
"1963",47.219712235968,31.0030261828169,35.6218881780109,33.5866116980516,1.70181393200289e-05,273.228287671233,99189.4416416952,50,0.842606594725831,-0.48693785484523,0.00397775555942594,272.766966920618
"1964",47.219712235968,31.0030261828169,35.6218881780109,33.5866116980516,1.70181393200289e-05,273.228287671233,99189.4416416952,50,0.842606594725831,-0.48693785484523,0.00397775555942594,272.766966920618
"1965",47.219712235968,31.0030261828169,35.6218881780109,33.5866116980516,1.70181393200289e-05,273.228287671233,99189.4416416952,50,0.842606594725831,-0.48693785484523,0.00397775555942594,272.766966920618
"1966",47.219712235968,31.0030261828169,35.6218881780109,33.5866116980516,1.70181393200289e-05,273.228287671233,99189.4416416952,50,0.842606594725831,-0.48693785484523,0.00397775555942594,272.766966920618
"1967",47.219712235968,31.0030261828169,35.6218881780109,33.5866116980516,1.70181393200289e-05,273.228287671233,99189.4416416952,50,0.842606594725831,-0.48693785484523,0.00397775555942594,272.766966920618
"1968",47.219712235968,31.0030261828169,35.6218881780109,33.5866116980516,1.70181393200289e-05,273.228287671233,99189.4416416952,50,0.842606594725831,-0.48693785484523,0.00397775555942594,272.766966920618
"1969",47.219712235968,31.0030261828169,35.6218881780109,33.5866116980516,1.70181393200289e-05,273.228287671233,99189.4416416952,50,0.842606594725831,-0.48693785484523,0.00397775555942594,272.766966920618
"1970",47.219712235968,31.0030261828169,35.6218881780109,33.5866116980516,1.70181393200289e-05,273.228287671233,99189.4416416952,50,0.842606594725831,-0.48693785484523,0.00397775555942594,272.766966920618
"1971",47.219712235968,31.0030261828169,35.6218881780109,33.5866116980516,1.70181393200289e-05,273.228287671233,99189.4416416952,50,0.842606594725831,-0.48693785484523,0.00397775555942594,272.766966920618
"1972",47.219712235968,31.0030261828169,35.6218881780109,33.5866116980516,1.70181393200289e-05,273.228287671233,99189.4416416952,50,0.842606594725831,-0.48693785484523,0.00397775555942594,272.766966920618
"1973",47.219712235968,31.0030261828169,35.6218881780109,33.5866116980516,1.70181393200289e-05,273.228287671233,99189.4416416952,50,0.842606594725831,-0.48693785484523,0.00397775555942594,272.766966920618
"1974",47.219712235968,31.0030261828169,35.6218881780109,33.5866116980516,1.70181393200289e-05,273.228287671233,99189.4416416952,50,0.842606594725831,-0.48693785484523,0.00397775555942594,272.766966920618
"1975",47.219712235968,31.0030261828169,35.6218881780109,33.5866116980516,1.70181393200289e-05,273.228287671233,99189.4416416952,50,0.842606594725831,-0.48693785484523,0.00397775555942594,272.766966920618
"1976",47.219712235968,31.0030261828169,35.6218881780109,33.5866116980516,1.70181393200289e-05,273.228287671233,99189.4416416952,50,0.842606594725831,-0.48693785484523,0.00397775555942594,272.766966920618
"1977",47.219712235968,31.0030261828169,35.6218881780109,33.5866116980516,1.70181393200289e-05,273.228287671233,99189.4416416952,50,0.842606594725831,-0.48693785484523,0.00397775555942594,272.766966920618
"1978",47.219712235968,31.0030261828169,35.6218881780109,33.5866116980516,1.70181393200289e-05,273.228287671233,99189.4416416952,50,0.842606594725831,-0.48693785484523,0.00397775555942594,272.766966920618
"1979",47.219712235968,31.0030261828169,35.6218881780109,33.5866116980516,1.70181393200289e-05,273.228287671233,99189.4416416952,50,0.842606594725831,-0.48693785484523,0.00397775555942594,272.766966920618
"1980",47.219712235968,31.0030261828169,35.6218881780109,33.5866116980516,1.70181393200289e-05,273.228287671233,99189.4416416952,50,0.842606594725831,-0.48693785484523,0.00397775555942594,272.766966920618
"1981",47.219712235968,31.0030261828169,35.6218881780109,33.5866116980516,1.70181393200289e-05,273.228287671233,99189.4416416952,50,0.842606594725831,-0.48693785484523,0.00397775555942594,272.766966920618
"1982",47.219712235968,31.0030261828169,35.6218881780109,33.5866116980516,1.70181393200289e-05,273.228287671233,99189.4416416952,50,0.842606594725831,-0.48693785484523,0.00397775555942594,272.766966920618
"1983",47.219712235968,31.0030261828169,35.6218881780109,33.5866116980516,1.70181393200289e-05,273.228287671233,99189.4416416952,50,0.842606594725831,-0.48693785484523,0.00397775555942594,272.766966920618
"1984",47.219712235968,31.0030261828169,35.6218881780109,33.5866116980516,1.70181393200289e-05,273.228287671233,99189.4416416952,50,0.842606594725831,-0.48693785484523,0.00397775555942594,272.766966920618
"1985",47.219712235968,31.0030261828169,35.6218881780109,33.5866116980516,1.70181393200289e-05,273.228287671233,99189.4416416952,50,0.842606594725831,-0.48693785484523,0.00397775555942594,272.766966920618
"1986",47.219712235968,31.0030261828169,35.6218881780109,33.5866116980516,1.70181393200289e-05,273.228287671233,99189.4416416952,50,0.842606594725831,-0.48693785484523,0.00397775555942594,272.766966920618
"1987",47.219712235968,31.0030261828169,35.6218881780109,33.5866116980516,1.70181393200289e-05,273.228287671233,99189.4416416952,50,0.842606594725831,-0.48693785484523,0.00397775555942594,272.766966920618
"1988",47.219712235968,31.0030261828169,35.6218881780109,33.5866116980516,1.70181393200289e-05,273.228287671233,99189.4416416952,50,0.842606594725831,-0.48693785484523,0.00397775555942594,272.766966920618
"1989",47.219712235968,31.0030261828169,35.6218881780109,33.5866116980516,1.70181393200289e-05,273.228287671233,99189.4416416952,50,0.842606594725831,-0.48693785484523,0.00397775555942594,272.766966920618
"1990",47.219712235968,31.0030261828169,35.6218881780109,33.5866116980516,1.70181393200289e-05,273.228287671233,99189.4416416952,50,0.842606594725831,-0.48693785484523,0.00397775555942594,272.766966920618
"1991",47.219712235968,31.0030261828169,35.6218881780109,33.5866116980516,1.70181393200289e-05,273.228287671233,99189.4416416952,50,0.842606594725831,-0.48693785484523,0.00397775555942594,272.766966920618
"1992",47.219712235968,31.0030261828169,35.6218881780109,33.5866116980516,1.70181393200289e-05,273.228287671233,99189.4416416952,50,0.842606594725831,-0.48693785484523,0.00397775555942594,272.766966920618
"1993",47.219712235968,31.0030261828169,35.6218881780109,33.5866116980516,1.70181393200289e-05,273.228287671233,99189.4416416952,50,0.842606594725831,-0.48693785484523,0.00397775555942594,272.766966920618
"1994",47.219712235968,31.0030261828169,35.6218881780109,33.5866116980516,1.70181393200289e-05,273.228287671233,99189.4416416952,50,0.842606594725831,-0.48693785484523,0.00397775555942594,272.766966920618
"1995",47.219712235968,31.0030261828169,35.6218881780109,33.5866116980516,1.70181393200289e-05,273.228287671233,99189.4416416952,50,0.842606594725831,-0.48693785484523,0.00397775555942594,272.766966920618
"1996",47.219712235968,31.0030261828169,35.6218881780109,33.5866116980516,1.70181393200289e-05,273.228287671233,99189.4416416952,50,0.842606594725831,-0.48693785484523,0.00397775555942594,272.766966920618
"1997",47.219712235968,31.0030261828169,35.6218881780109,33.5866116980516,1.70181393200289e-05,273.228287671233,99189.4416416952,50,0.842606594725831,-0.48693785484523,0.00397775555942594,272.766966920618
"1998",47.219712235968,31.0030261828169,35.6218881780109,33.5866116980516,1.70181393200289e-05,273.228287671233,99189.4416416952,50,0.842606594725831,-0.48693785484523,0.00397775555942594,272.766966920618
"1999",47.219712235968,31.0030261828169,35.6218881780109,33.5866116980516,1.70181393200289e-05,273.228287671233,99189.4416416952,50,0.842606594725831,-0.48693785484523,0.00397775555942594,272.766966920618
"2000",47.219712235968,31.0030261828169,35.6218881780109,33.5866116980516,1.70181393200289e-05,273.228287671233,99189.4416416952,50,0.842606594725831,-0.48693785484523,0.00397775555942594,272.766966920618
"2001",47.219712235968,31.0030261828169,35.6218881780109,33.5866116980516,1.70181393200289e-05,273.228287671233,99189.4416416952,50,0.842606594725831,-0.48693785484523,0.00397775555942594,272.766966920618
"2002",47.219712235968,31.0030261828169,35.6218881780109,33.5866116980516,1.70181393200289e-05,273.228287671233,99189.4416416952,50,0.842606594725831,-0.48693785484523,0.00397775555942594,272.766966920618
"2003",47.219712235968,31.0030261828169,35.6218881780109,33.5866116980516,1.70181393200289e-05,273.228287671233,99189.4416416952,50,0.842606594725831,-0.48693785484523,0.00397775555942594,272.766966920618
"2004",47.219712235968,31.0030261828169,35.6218881780109,33.5866116980516,1.70181393200289e-05,273.228287671233,99189.4416416952,50,0.842606594725831,-0.48693785484523,0.00397775555942594,272.766966920618
"2005",47.219712235968,31.0030261828169,35.6218881780109,33.5866116980516,1.70181393200289e-05,273.228287671233,99189.4416416952,50,0.842606594725831,-0.48693785484523,0.00397775555942594,272.766966920618
"2006",47.219712235968,31.0030261828169,35.6218881780109,33.5866116980516,1.70181393200289e-05,273.228287671233,99189.4416416952,50,0.842606594725831,-0.48693785484523,0.00397775555942594,272.766966920618
"2007",47.219712235968,31.0030261828169,35.6218881780109,33.5866116980516,1.70181393200289e-05,273.228287671233,99189.4416416952,50,0.842606594725831,-0.48693785484523,0.00397775555942594,272.766966920618
"2008",47.219712235968,31.0030261828169,35.6218881780109,33.5866116980516,1.70181393200289e-05,273.228287671233,99189.4416416952,50,0.842606594725831,-0.48693785484523,0.00397775555942594,272.766966920618
"2009",47.219712235968,31.0030261828169,35.6218881780109,33.5866116980516,1.70181393200289e-05,273.228287671233,99189.4416416952,50,0.842606594725831,-0.48693785484523,0.00397775555942594,272.766966920618
"2010",47.219712235968,31.0030261828169,35.6218881780109,33.5866116980516,1.70181393200289e-05,273.228287671233,99189.4416416952,50,0.842606594725831,-0.48693785484523,0.00397775555942594,272.766966920618
"2011",47.219712235968,31.0030261828169,35.6218881780109,33.5866116980516,1.70181393200289e-05,273.228287671233,99189.4416416952,50,0.842606594725831,-0.48693785484523,0.00397775555942594,272.766966920618
"2012",47.219712235968,31.0030261828169,35.6218881780109,33.5866116980516,1.70181393200289e-05,273.228287671233,99189.4416416952,50,0.842606594725831,-0.48693785484523,0.00397775555942594,272.766966920618
"2013",47.219712235968,31.0030261828169,35.6218881780109,33.5866116980516,1.70181393200289e-05,273.228287671233,99189.4416416952,50,0.842606594725831,-0.48693785484523,0.00397775555942594,272.766966920618
"2014",47.219712235968,31.0030261828169,35.6218881780109,33.5866116980516,1.70181393200289e-05,273.228287671233,99189.4416416952,50,0.842606594725831,-0.48693785484523,0.00397775555942594,272.766966920618
"2015",47.219712235968,31.0030261828169,35.6218881780109,33.5866116980516,1.70181393200289e-05,273.228287671233,99189.4416416952,50,0.842606594725831,-0.48693785484523,0.00397775555942594,272.766966920618
"2016",47.219712235968,31.0030261828169,35.6218881780109,33.5866116980516,1.70181393200289e-05,273.228287671233,99189.4416416952,50,0.842606594725831,-0.48693785484523,0.00397775555942594,272.766966920618
"2017",47.219712235968,31.0030261828169,35.6218881780109,33.5866116980516,1.70181393200289e-05,273.228287671233,99189.4416416952,50,0.842606594725831,-0.48693785484523,0.00397775555942594,272.766966920618
"2018",47.219712235968,31.0030261828169,35.6218881780109,33.5866116980516,1.70181393200289e-05,273.228287671233,99189.4416416952,50,0.842606594725831,-0.48693785484523,0.00397775555942594,272.766966920618
"2019",47.219712235968,31.0030261828169,35.6218881780109,33.5866116980516,1.70181393200289e-05,273.228287671233,99189.4416416952,50,0.842606594725831,-0.48693785484523,0.00397775555942594,272.766966920618
"2020",47.219712235968,31.0030261828169,35.6218881780109,33.5866116980516,1.70181393200289e-05,273.228287671233,99189.4416416952,50,0.842606594725831,-0.48693785484523,0.00397775555942594,272.766966920618
"2021",47.219712235968,31.0030261828169,35.6218881780109,33.5866116980516,1.70181393200289e-05,273.228287671233,99189.4416416952,50,0.842606594725831,-0.48693785484523,0.00397775555942594,272.766966920618
"2022",47.219712235968,31.0030261828169,35.6218881780109,33.5866116980516,1.70181393200289e-05,273.228287671233,99189.4416416952,50,0.842606594725831,-0.48693785484523,0.00397775555942594,272.766966920618
"2023",47.219712235968,31.0030261828169,35.6218881780109,33.5866116980516,1.70181393200289e-05,273.228287671233,99189.4416416952,50,0.842606594725831,-0.48693785484523,0.00397775555942594,272.766966920618
"2024",47.219712235968,31.0030261828169,35.6218881780109,33.5866116980516,1.70181393200289e-05,273.228287671233,99189.4416416952,50,0.842606594725831,-0.48693785484523,0.00397775555942594,272.766966920618
"2025",47.219712235968,31.0030261828169,35.6218881780109,33.5866116980516,1.70181393200289e-05,273.228287671233,99189.4416416952,50,0.842606594725831,-0.48693785484523,0.00397775555942594,272.766966920618
"2026",47.219712235968,31.0030261828169,35.6218881780109,33.5866116980516,1.70181393200289e-05,273.228287671233,99189.4416416952,50,0.842606594725831,-0.48693785484523,0.00397775555942594,272.766966920618
"2027",47.219712235968,31.0030261828169,35.6218881780109,33.5866116980516,1.70181393200289e-05,273.228287671233,99189.4416416952,50,0.842606594725831,-0.48693785484523,0.00397775555942594,272.766966920618
"2028",47.219712235968,31.0030261828169,35.6218881780109,33.5866116980516,1.70181393200289e-05,273.228287671233,99189.4416416952,50,0.842606594725831,-0.48693785484523,0.00397775555942594,272.766966920618
"2029",47.219712235968,31.0030261828169,35.6218881780109,33.5866116980516,1.70181393200289e-05,273.228287671233,99189.4416416952,50,0.842606594725831,-0.48693785484523,0.00397775555942594,272.766966920618
"2030",47.219712235968,31.0030261828169,35.6218881780109,33.5866116980516,1.70181393200289e-05,273.228287671233,99189.4416416952,50,0.842606594725831,-0.48693785484523,0.00397775555942594,272.766966920618
"2031",47.219712235968,31.0030261828169,35.6218881780109,33.5866116980516,1.70181393200289e-05,273.228287671233,99189.4416416952,50,0.842606594725831,-0.48693785484523,0.00397775555942594,272.766966920618
"2032",47.219712235968,31.0030261828169,35.6218881780109,33.5866116980516,1.70181393200289e-05,273.228287671233,99189.4416416952,50,0.842606594725831,-0.48693785484523,0.00397775555942594,272.766966920618
"2033",47.219712235968,31.0030261828169,35.6218881780109,33.5866116980516,1.70181393200289e-05,273.228287671233,99189.4416416952,50,0.842606594725831,-0.48693785484523,0.00397775555942594,272.766966920618
"2034",47.219712235968,31.0030261828169,35.6218881780109,33.5866116980516,1.70181393200289e-05,273.228287671233,99189.4416416952,50,0.842606594725831,-0.48693785484523,0.00397775555942594,272.766966920618
"2035",47.219712235968,31.0030261828169,35.6218881780109,33.5866116980516,1.70181393200289e-05,273.228287671233,99189.4416416952,50,0.842606594725831,-0.48693785484523,0.00397775555942594,272.766966920618
"2036",47.219712235968,31.0030261828169,35.6218881780109,33.5866116980516,1.70181393200289e-05,273.228287671233,99189.4416416952,50,0.842606594725831,-0.48693785484523,0.00397775555942594,272.766966920618
"2037",47.219712235968,31.0030261828169,35.6218881780109,33.5866116980516,1.70181393200289e-05,273.228287671233,99189.4416416952,50,0.842606594725831,-0.48693785484523,0.00397775555942594,272.766966920618
"2038",47.219712235968,31.0030261828169,35.6218881780109,33.5866116980516,1.70181393200289e-05,273.228287671233,99189.4416416952,50,0.842606594725831,-0.48693785484523,0.00397775555942594,272.766966920618
"2039",47.219712235968,31.0030261828169,35.6218881780109,33.5866116980516,1.70181393200289e-05,273.228287671233,99189.4416416952,50,0.842606594725831,-0.48693785484523,0.00397775555942594,272.766966920618
"2040",47.219712235968,31.0030261828169,35.6218881780109,33.5866116980516,1.70181393200289e-05,273.228287671233,99189.4416416952,50,0.842606594725831,-0.48693785484523,0.00397775555942594,272.766966920618
"2041",47.219712235968,31.0030261828169,35.6218881780109,33.5866116980516,1.70181393200289e-05,273.228287671233,99189.4416416952,50,0.842606594725831,-0.48693785484523,0.00397775555942594,272.766966920618
"2042",47.219712235968,31.0030261828169,35.6218881780109,33.5866116980516,1.70181393200289e-05,273.228287671233,99189.4416416952,50,0.842606594725831,-0.48693785484523,0.00397775555942594,272.766966920618
"2043",47.219712235968,31.0030261828169,35.6218881780109,33.5866116980516,1.70181393200289e-05,273.228287671233,99189.4416416952,50,0.842606594725831,-0.48693785484523,0.00397775555942594,272.766966920618
"2044",47.219712235968,31.0030261828169,35.6218881780109,33.5866116980516,1.70181393200289e-05,273.228287671233,99189.4416416952,50,0.842606594725831,-0.48693785484523,0.00397775555942594,272.766966920618
"2045",47.219712235968,31.0030261828169,35.6218881780109,33.5866116980516,1.70181393200289e-05,273.228287671233,99189.4416416952,50,0.842606594725831,-0.48693785484523,0.00397775555942594,272.766966920618
"2046",47.219712235968,31.0030261828169,35.6218881780109,33.5866116980516,1.70181393200289e-05,273.228287671233,99189.4416416952,50,0.842606594725831,-0.48693785484523,0.00397775555942594,272.766966920618
"2047",47.219712235968,31.0030261828169,35.6218881780109,33.5866116980516,1.70181393200289e-05,273.228287671233,99189.4416416952,50,0.842606594725831,-0.48693785484523,0.00397775555942594,272.766966920618
"2048",47.219712235968,31.0030261828169,35.6218881780109,33.5866116980516,1.70181393200289e-05,273.228287671233,99189.4416416952,50,0.842606594725831,-0.48693785484523,0.00397775555942594,272.766966920618
"2049",47.219712235968,31.0030261828169,35.6218881780109,33.5866116980516,1.70181393200289e-05,273.228287671233,99189.4416416952,50,0.842606594725831,-0.48693785484523,0.00397775555942594,272.766966920618
"2050",47.219712235968,31.0030261828169,35.6218881780109,33.5866116980516,1.70181393200289e-05,273.228287671233,99189.4416416952,50,0.842606594725831,-0.48693785484523,0.00397775555942594,272.766966920618
